feature,coefficient,abs_coefficient
num__vehicle_year_sum,-3.2157794847492376,3.2157794847492376
num__vehicle_year_valid_count,3.1810413842973038,3.1810413842973038
cat__contributing_factor_vehicle_1_lost consciousness,2.386463423859945,2.386463423859945
cat__vehicle_type_code_3_e-bike,-1.7728731931047526,1.7728731931047526
cat__contributing_factor_vehicle_1_illnes,1.702928068096626,1.702928068096626
cat__vehicle_type_code_4_moped,-1.5766923536602868,1.5766923536602868
cat__zip_code_11109,-1.3987624983440252,1.3987624983440252
cat__vehicle_type_code_2_e-scooter,-1.3113538168271743,1.3113538168271743
cat__zip_code_10278,-1.2854515084131606,1.2854515084131606
cat__vehicle_type_code_1_standing s,1.2248417338967572,1.2248417338967572
cat__vehicle_type_code_1_flat rack,-1.2210024892062807,1.2210024892062807
cat__vehicle_type_code_1_motorscooter,1.1999421274398405,1.1999421274398405
cat__vehicle_type_code_1_moped,1.1975236440947894,1.1975236440947894
cat__vehicle_type_code_1_motorbike,1.1580107947143374,1.1580107947143374
cat__vehicle_type_code_3_motorcycle,-1.1427139829718405,1.1427139829718405
cat__vehicle_type_code_1_e-scooter,-1.1227168865873625,1.1227168865873625
cat__vehicle_type_code_5_bus,1.108529984369724,1.108529984369724
cat__contributing_factor_vehicle_5_outside car distraction,-1.0993854315726541,1.0993854315726541
cat__contributing_factor_vehicle_4_pavement slippery,-1.091481868295336,1.091481868295336
cat__vehicle_type_code_3_bike,-1.0511987619635266,1.0511987619635266
cat__zip_code_10106,1.044535499086436,1.044535499086436
cat__zip_code_11359,-1.022781787993137,1.022781787993137
cat__vehicle_type_code_4_motorcycle,-0.9944666143967027,0.9944666143967027
cat__contributing_factor_vehicle_3_pedestrian/bicyclist/other pedestrian error/confusion,0.9892670483313826,0.9892670483313826
cat__vehicle_type_code_4_carry all,0.9557500883980355,0.9557500883980355
cat__contributing_factor_vehicle_5_pavement slippery,-0.9489344322339578,0.9489344322339578
cat__zip_code_10044,0.9413928551274512,0.9413928551274512
cat__contributing_factor_vehicle_5_following too closely,-0.9323346660234293,0.9323346660234293
num__person_pedestrian_count,0.9274680245013505,0.9274680245013505
cat__vehicle_type_code_3_e-scooter,-0.9187528043127475,0.9187528043127475
cat__vehicle_type_code_4_4 dr sedan,-0.9044243966407491,0.9044243966407491
cat__contributing_factor_vehicle_4_reaction to uninvolved vehicle,-0.8798895354940385,0.8798895354940385
cat__zip_code_10282,-0.8653023357825717,0.8653023357825717
cat__contributing_factor_vehicle_3_obstruction/debris,-0.8628557826779311,0.8628557826779311
cat__vehicle_type_code_3_flat bed,0.8391928060434345,0.8391928060434345
cat__contributing_factor_vehicle_4_obstruction/debris,0.8269836110917431,0.8269836110917431
num__latitude,0.8189375392522057,0.8189375392522057
num__longitude,0.8137567721926684,0.8137567721926684
cat__vehicle_type_code_3_ambulance,0.8135925964055444,0.8135925964055444
cat__contributing_factor_vehicle_1_oversized vehicle,-0.8009274012135597,0.8009274012135597
cat__contributing_factor_vehicle_1_passing too closely,-0.7996350392259777,0.7996350392259777
cat__vehicle_type_code_5_bike,-0.7940729290193397,0.7940729290193397
cat__vehicle_type_code_1_bike,-0.7785948149048892,0.7785948149048892
cat__contributing_factor_vehicle_2_fell asleep,0.7781448339662597,0.7781448339662597
cat__vehicle_type_code_4_tanker,0.7719076870027256,0.7719076870027256
num__driver_unknown_sex_share,-0.7676847255892336,0.7676847255892336
cat__vehicle_type_code_3_3-door,0.7665920208274929,0.7665920208274929
cat__zip_code_10169,0.7607503104297312,0.7607503104297312
cat__contributing_factor_vehicle_3_view obstructed/limited,0.7605792241800473,0.7605792241800473
cat__vehicle_type_code_5_soccer,0.760260293684986,0.760260293684986
cat__zip_code_10178,0.752594956572119,0.752594956572119
cat__vehicle_type_code_5_flat bed,0.7492149002002623,0.7492149002002623
cat__contributing_factor_vehicle_3_aggressive driving/road rage,-0.7409018086580622,0.7409018086580622
cat__contributing_factor_vehicle_5_reaction to uninvolved vehicle,0.7281149111245133,0.7281149111245133
cat__vehicle_type_code_2_standing s,0.727513691012176,0.727513691012176
cat__vehicle_type_code_4_dump,0.727309130025945,0.727309130025945
cat__vehicle_type_code_2_bike,-0.7247953270215647,0.7247953270215647
cat__contributing_factor_vehicle_3_pavement defective,-0.7231199366412779,0.7231199366412779
cat__vehicle_type_code_1_3-door,-0.7211670210314552,0.7211670210314552
cat__zip_code_10119,0.7042430818781964,0.7042430818781964
cat__vehicle_type_code_4_garbage or refuse,-0.7037774482944773,0.7037774482944773
cat__zip_code_10000,-0.6999444142251943,0.6999444142251943
cat__vehicle_type_code_3_motorbike,0.689272417584364,0.689272417584364
cat__vehicle_type_code_2_e-bike,-0.6829584365673305,0.6829584365673305
cat__vehicle_type_code_1_motorcycle,0.681086185670075,0.681086185670075
cat__contributing_factor_vehicle_4_traffic control disregarded,-0.6771767868452979,0.6771767868452979
cat__contributing_factor_vehicle_4_unsafe speed,0.6727793833870225,0.6727793833870225
cat__contributing_factor_vehicle_3_tinted windows,0.6395435945827899,0.6395435945827899
cat__contributing_factor_vehicle_1_obstruction/debris,-0.6376422023461176,0.6376422023461176
cat__contributing_factor_vehicle_4_failure to yield right-of-way,0.6355579177666811,0.6355579177666811
cat__contributing_factor_vehicle_5_failure to yield right-of-way,0.6355579177666811,0.6355579177666811
cat__contributing_factor_vehicle_3_other,0.6318007598997102,0.6318007598997102
cat__zip_code_11697,-0.62595950972448,0.62595950972448
cat__vehicle_type_code_3_trailer,0.6157440991844451,0.6157440991844451
cat__vehicle_type_code_4_e-bike,-0.6044991270660746,0.6044991270660746
cat__zip_code_10025,-0.6040891600423073,0.6040891600423073
cat__zip_code_10118,-0.5980009674037161,0.5980009674037161
cat__zip_code_11371,-0.5866880650205327,0.5866880650205327
cat__contributing_factor_vehicle_4_brakes defective,0.586057908171859,0.586057908171859
cat__vehicle_type_code_5_convertible,0.5859042520457064,0.5859042520457064
cat__contributing_factor_vehicle_2_cell phone (hand-held),0.5769648297192187,0.5769648297192187
cat__vehicle_type_code_4_firetruck,0.576482593178163,0.576482593178163
cat__zip_code_11375,-0.575161712673422,0.575161712673422
cat__contributing_factor_vehicle_2_brakes defective,-0.5731332721165278,0.5731332721165278
cat__zip_code_10110,0.5724788338156808,0.5724788338156808
cat__vehicle_type_code_4_school bus,-0.5722036763451052,0.5722036763451052
cat__vehicle_type_code_3_unk,-0.5505960468759947,0.5505960468759947
cat__vehicle_type_code_1_taxi,0.549755911688614,0.549755911688614
cat__vehicle_type_code_5_pick-up truck,-0.5482536148392242,0.5482536148392242
cat__vehicle_type_code_3_school bus,0.544823017763948,0.544823017763948
cat__zip_code_10153,0.5398108036581986,0.5398108036581986
cat__vehicle_type_code_3_dump,-0.5340596268752241,0.5340596268752241
cat__contributing_factor_vehicle_1_fatigued/drowsy,0.5284302257585732,0.5284302257585732
cat__vehicle_type_code_1_limo,0.52815583605226,0.52815583605226
cat__borough_manhattan,-0.5239458798855925,0.5239458798855925
num__person_child_count,-0.5232973009867017,0.5232973009867017
cat__zip_code_11363,-0.520647495034657,0.520647495034657
cat__contributing_factor_vehicle_5_oversized vehicle,0.5157320377138329,0.5157320377138329
cat__contributing_factor_vehicle_4_oversized vehicle,0.5157320377138329,0.5157320377138329
cat__vehicle_type_code_3_bus,0.5006252495850052,0.5006252495850052
cat__vehicle_type_code_1_unknown,0.49765233107993884,0.49765233107993884
cat__vehicle_type_code_3_carry all,-0.4917253408370419,0.4917253408370419
cat__zip_code_10271,-0.49169902791650666,0.49169902791650666
cat__contributing_factor_vehicle_3_glare,-0.48849474982676494,0.48849474982676494
cat__contributing_factor_vehicle_4_outside car distraction,-0.4860633064028983,0.4860633064028983
cat__vehicle_type_code_3_concrete mixer,0.4860424414072447,0.4860424414072447
cat__contributing_factor_vehicle_3_passing too closely,0.4841553452419855,0.4841553452419855
cat__vehicle_type_code_4_taxi,0.48369616693582984,0.48369616693582984
cat__contributing_factor_vehicle_5_unsafe speed,0.48323193601657477,0.48323193601657477
cat__vehicle_type_code_3_moped,-0.4742514995372266,0.4742514995372266
cat__vehicle_type_code_5_van,-0.47372775505073916,0.47372775505073916
cat__contributing_factor_vehicle_1_passing or lane usage improper,-0.46546330982184037,0.46546330982184037
cat__zip_code_10165,-0.4640598513269034,0.4640598513269034
cat__vehicle_type_code_1_pk,-0.4632571284716822,0.4632571284716822
cat__contributing_factor_vehicle_3_turning improperly,-0.4617822141115667,0.4617822141115667
cat__vehicle_type_code_4_bike,-0.45951984632320797,0.45951984632320797
cat__zip_code_10065,-0.4546050114722866,0.4546050114722866
cat__zip_code_10172,-0.45138442699404613,0.45138442699404613
cat__vehicle_type_code_4_pick up tr,0.4474836481667527,0.4474836481667527
num__ped_role_driver_count,0.4454703844277517,0.4454703844277517
cat__vehicle_type_code_4_subn,-0.4445828455262225,0.4445828455262225
cat__vehicle_type_code_3_van,0.4411886696206758,0.4411886696206758
cat__zip_code_10037,0.43874828104693064,0.43874828104693064
cat__contributing_factor_vehicle_4_tire failure/inadequate,-0.4379648653971229,0.4379648653971229
cat__contributing_factor_vehicle_3_traffic control device improper/non-working,0.43788368178490256,0.43788368178490256
cat__contributing_factor_vehicle_2_unsafe speed,0.4377507460526678,0.4377507460526678
cat__zip_code_10028,-0.43729917880803665,0.43729917880803665
cat__contributing_factor_vehicle_2_lane marking improper/inadequate,-0.435629588840979,0.435629588840979
cat__contributing_factor_vehicle_3_fatigued/drowsy,-0.4325000677922621,0.4325000677922621
cat__vehicle_type_code_3_tow truck / wrecker,0.4323101842936048,0.4323101842936048
cat__vehicle_type_code_4_other,-0.4312565392301766,0.4312565392301766
cat__zip_code_10039,0.42809951201043567,0.42809951201043567
num__person_bicyclist_count,0.427983646475179,0.427983646475179
cat__contributing_factor_vehicle_3_driverless/runaway vehicle,-0.42734886056807647,0.42734886056807647
cat__contributing_factor_vehicle_5_obstruction/debris,0.42729222463126615,0.42729222463126615
cat__vehicle_type_code_2_fire truck,0.4264243786501903,0.4264243786501903
cat__zip_code_11361,-0.4255902625489211,0.4255902625489211
cat__contributing_factor_vehicle_3_brakes defective,-0.41740126551526985,0.41740126551526985
cat__vehicle_type_code_3_tanker,0.4172380141402118,0.4172380141402118
cat__zip_code_10021,-0.41613454234946995,0.41613454234946995
cat__contributing_factor_vehicle_3_oversized vehicle,0.4152756169819635,0.4152756169819635
cat__vehicle_type_code_5_trailor,-0.41271409994952984,0.41271409994952984
cat__zip_code_10120,-0.41036229746561076,0.41036229746561076
cat__contributing_factor_vehicle_5_alcohol involvement,-0.4067481537974831,0.4067481537974831
cat__vehicle_type_code_2_taxi,0.40657197754671365,0.40657197754671365
cat__contributing_factor_vehicle_5_unknown,0.40441302263064377,0.40441302263064377
cat__zip_code_10004,-0.39825824851686237,0.39825824851686237
cat__zip_code_10279,-0.39050388737978964,0.39050388737978964
cat__zip_code_11005,0.38916856263317856,0.38916856263317856
cat__contributing_factor_vehicle_3_reaction to uninvolved vehicle,-0.38608899396301966,0.38608899396301966
num__has_motorcycle_vehicle,0.3823873882546921,0.3823873882546921
num__person_occupant_share,-0.3804974673740317,0.3804974673740317
num__vehicle_occupants_sum,-0.3794163313158654,0.3794163313158654
cat__zip_code_10009,0.37897819869414767,0.37897819869414767
cat__contributing_factor_vehicle_2_oversized vehicle,-0.3786117857201262,0.3786117857201262
cat__contributing_factor_vehicle_3_outside car distraction,-0.3777502750152924,0.3777502750152924
cat__vehicle_type_code_5_tractor truck gasoline,0.3773362635037921,0.3773362635037921
cat__contributing_factor_vehicle_4_unknown,0.3748978781672535,0.3748978781672535
cat__vehicle_type_code_4_econoline,0.37428121220555194,0.37428121220555194
cat__contributing_factor_vehicle_1_fell asleep,0.37370188223255996,0.37370188223255996
cat__vehicle_type_code_3_garbage or refuse,0.3724811202746443,0.3724811202746443
cat__vehicle_type_code_4_pk,0.3690116089929911,0.3690116089929911
cat__contributing_factor_vehicle_1_unsafe lane changing,-0.36550423773238716,0.36550423773238716
cat__zip_code_10017,0.3644556986543013,0.3644556986543013
cat__zip_code_11422,0.3637999662690458,0.3637999662690458
cat__vehicle_type_code_1_tow truck / wrecker,-0.35897995436393776,0.35897995436393776
cat__contributing_factor_vehicle_3_other vehicular,0.3585388178107793,0.3585388178107793
cat__vehicle_type_code_1_chassis cab,-0.35670187201264203,0.35670187201264203
cat__zip_code_10174,0.354224657143279,0.354224657143279
cat__zip_code_11416,0.350298962099814,0.350298962099814
cat__zip_code_10040,0.350164090730278,0.350164090730278
cat__vehicle_type_code_4_tractor truck diesel,0.3498869012911627,0.3498869012911627
cat__zip_code_11413,0.3465114508691131,0.3465114508691131
cat__vehicle_type_code_5_unk,-0.34593190708564653,0.34593190708564653
num__vehicle_occupants_mean,0.3428739885633318,0.3428739885633318
cat__contributing_factor_vehicle_5_driver inexperience,-0.33970446097914764,0.33970446097914764
cat__vehicle_type_code_4_station wagon/sport utility vehicle,0.3340442054435601,0.3340442054435601
cat__vehicle_type_code_1_e-bike,-0.33322864183716905,0.33322864183716905
cat__zip_code_11411,0.3330446597224439,0.3330446597224439
cat__zip_code_10121,-0.3310459780564521,0.3310459780564521
cat__vehicle_type_code_3_chassis cab,0.33049238084603566,0.33049238084603566
cat__vehicle_type_code_1_tanker,-0.3272354042059294,0.3272354042059294
cat__zip_code_10128,-0.3252718405994939,0.3252718405994939
cat__zip_code_10302,0.3245867013100274,0.3245867013100274
cat__contributing_factor_vehicle_1_glare,-0.3241003619968626,0.3241003619968626
cat__zip_code_10034,0.3233736993739325,0.3233736993739325
cat__zip_code_10045,0.322810259979495,0.322810259979495
cat__contributing_factor_vehicle_4_fell asleep,0.3227395801816348,0.3227395801816348
cat__contributing_factor_vehicle_3_drugs (illegal),0.3211465614950353,0.3211465614950353
cat__vehicle_type_code_1_4 dr sedan,-0.3210400240439906,0.3210400240439906
cat__contributing_factor_vehicle_1_pavement defective,-0.31819095191832747,0.31819095191832747
cat__contributing_factor_vehicle_3_backing unsafely,0.3156233389739151,0.3156233389739151
cat__contributing_factor_vehicle_3_unspecified,0.314072408390716,0.314072408390716
cat__zip_code_10032,0.31394904439478083,0.31394904439478083
cat__vehicle_type_code_4_beverage truck,-0.31185342761800205,0.31185342761800205
cat__zip_code_group_11373,-0.3112206788859124,0.3112206788859124
cat__zip_code_11373,-0.3112206788859124,0.3112206788859124
cat__zip_code_10281,0.31030963427804586,0.31030963427804586
cat__contributing_factor_vehicle_1_traffic control disregarded,0.3099569348327882,0.3099569348327882
cat__contributing_factor_vehicle_1_unsafe speed,0.3095032739922387,0.3095032739922387
cat__contributing_factor_vehicle_4_backing unsafely,0.3068107081344756,0.3068107081344756
cat__vehicle_type_code_1_box truck,-0.3057723334863883,0.3057723334863883
cat__vehicle_type_code_3_subn,-0.3049888689804395,0.3049888689804395
cat__zip_code_10026,0.3049380263894322,0.3049380263894322
cat__vehicle_type_code_5_lunch wagon,-0.304276849005354,0.304276849005354
cat__zip_code_10041,-0.30381191894255366,0.30381191894255366
cat__contributing_factor_vehicle_4_aggressive driving/road rage,-0.30367119077393034,0.30367119077393034
cat__vehicle_type_code_1_fire truck,0.3011339950295103,0.3011339950295103
cat__vehicle_type_code_4_convertible,0.30107899287865897,0.30107899287865897
cat__contributing_factor_vehicle_1_unknown,0.3004571128686153,0.3004571128686153
cat__zip_code_10155,-0.30018566612961006,0.30018566612961006
cat__zip_code_10055,-0.2997185540387085,0.2997185540387085
cat__vehicle_type_code_1_dump,-0.2987852587254628,0.2987852587254628
cat__contributing_factor_vehicle_3_following too closely,-0.2987313494812642,0.2987313494812642
cat__zip_code_10075,-0.296959775014311,0.296959775014311
cat__contributing_factor_vehicle_1_view obstructed/limited,-0.2964925178487536,0.2964925178487536
cat__vehicle_type_code_5_garbage or refuse,-0.2926529409653396,0.2926529409653396
cat__zip_code_11374,-0.2922344716062337,0.2922344716062337
cat__zip_code_10023,0.2915356242533305,0.2915356242533305
cat__vehicle_type_code_5_e-scooter,-0.29074599439068066,0.29074599439068066
cat__contributing_factor_vehicle_1_tire failure/inadequate,-0.29036517157517455,0.29036517157517455
cat__vehicle_type_code_5_truck,0.28817332352999026,0.28817332352999026
cat__vehicle_type_code_4_unk,0.2880840615989323,0.2880840615989323
cat__zip_code_10173,-0.2873505065099412,0.2873505065099412
cat__zip_code_10170,0.28705283508228235,0.28705283508228235
cat__zip_code_10014,-0.2866885448260109,0.2866885448260109
cat__vehicle_type_code_1_tractor truck gasoline,-0.2865925721825018,0.2865925721825018
cat__vehicle_type_code_5_box truck,0.2864228798024331,0.2864228798024331
num__person_child_share,0.28333750973699484,0.28333750973699484
cat__contributing_factor_vehicle_5_traffic control disregarded,-0.28122847974272014,0.28122847974272014
cat__vehicle_type_code_4_pick-up truck,0.28093121162038476,0.28093121162038476
cat__vehicle_type_code_5_tow truck / wrecker,-0.2780204292194836,0.2780204292194836
cat__zip_code_11001,0.2764768935510543,0.2764768935510543
cat__vehicle_type_code_3_tractor truck gasoline,0.2754990021439683,0.2754990021439683
cat__contributing_factor_vehicle_1_outside car distraction,-0.27396053115454294,0.27396053115454294
num__has_bike_vehicle,0.27381612028104335,0.27381612028104335
cat__zip_code_11430,-0.27193137412642143,0.27193137412642143
cat__vehicle_type_code_5_trailer,-0.2686267546748716,0.2686267546748716
cat__contributing_factor_vehicle_3_unsafe lane changing,-0.26849126249619076,0.26849126249619076
cat__contributing_factor_vehicle_1_unspecified,-0.2681168326948391,0.2681168326948391
cat__vehicle_type_code_2_garbage or refuse,-0.2680150405165173,0.2680150405165173
cat__vehicle_type_code_2_3-door,-0.266734640081313,0.266734640081313
cat__zip_code_10115,-0.26522755742157866,0.26522755742157866
cat__zip_code_10471,0.26514482608091006,0.26514482608091006
num__driver_unknown_sex_count,0.26318927501774597,0.26318927501774597
cat__zip_code_10112,0.261224345051251,0.261224345051251
cat__vehicle_type_code_5_armored truck,0.2610646007870053,0.2610646007870053
num__person_other_type_count,0.25784032270968577,0.25784032270968577
cat__contributing_factor_vehicle_3_passing or lane usage improper,-0.25589635189607934,0.25589635189607934
num__person_records_count,0.2553129652092091,0.2553129652092091
cat__contributing_factor_vehicle_3_passenger distraction,-0.25405881995758045,0.25405881995758045
cat__contributing_factor_vehicle_1_turning improperly,-0.25236864699371025,0.25236864699371025
cat__vehicle_type_code_5_street swe,0.25171165076817653,0.25171165076817653
cat__zip_code_10465,0.2507704783306357,0.2507704783306357
cat__contributing_factor_vehicle_4_driver inattention/distraction,-0.24918786008584048,0.24918786008584048
cat__zip_code_10452,-0.24913249971741938,0.24913249971741938
cat__zip_code_10005,-0.24871795769215654,0.24871795769215654
num__has_parked_precrash,-0.24847692374253438,0.24847692374253438
cat__zip_code_11201,-0.24750979609021048,0.24750979609021048
cat__zip_code_group_11201,-0.24750979609021048,0.24750979609021048
cat__zip_code_11229,0.24719050830586706,0.24719050830586706
cat__zip_code_group_11229,0.24719050830586706,0.24719050830586706
cat__zip_code_11419,0.24570747726426576,0.24570747726426576
cat__zip_code_11429,0.2450207962831759,0.2450207962831759
cat__vehicle_type_code_1_tractor truck diesel,-0.24450936715893098,0.24450936715893098
cat__vehicle_type_code_2_trailer,0.2431403549304345,0.2431403549304345
cat__contributing_factor_vehicle_1_backing unsafely,-0.24244049107996923,0.24244049107996923
cat__vehicle_type_code_1_carry all,-0.2405424522691918,0.2405424522691918
cat__vehicle_type_code_2_motorbike,0.24039038427658677,0.24039038427658677
cat__zip_code_11695,-0.24023733435715094,0.24023733435715094
cat__zip_code_group_11226,0.23984532146755796,0.23984532146755796
cat__zip_code_11226,0.23984532146755796,0.23984532146755796
cat__contributing_factor_vehicle_5_aggressive driving/road rage,0.23978767382992816,0.23978767382992816
cat__vehicle_type_code_1_garbage or refuse,-0.23974546290959797,0.23974546290959797
cat__vehicle_type_code_5_c3,0.23896294208015684,0.23896294208015684
cat__zip_code_11423,0.23856993001904636,0.23856993001904636
cat__zip_code_10177,0.23847564816371153,0.23847564816371153
cat__zip_code_11426,0.23693584533906148,0.23693584533906148
cat__zip_code_10024,-0.2367239187459116,0.2367239187459116
cat__vehicle_type_code_4_sedan,0.23370873757794305,0.23370873757794305
cat__vehicle_type_code_5_tractor tr,-0.23364297915698276,0.23364297915698276
num__person_female_count,0.23303913098501208,0.23303913098501208
cat__contributing_factor_vehicle_2_tinted windows,0.23245813341035845,0.23245813341035845
cat__zip_code_10030,0.23212552749201415,0.23212552749201415
cat__vehicle_type_code_2_tractor truck gasoline,0.2318418504410412,0.2318418504410412
cat__contributing_factor_vehicle_2_headlights defective,-0.2313744404447739,0.2313744404447739
num__has_going_straight_precrash,0.22900327514894994,0.22900327514894994
cat__contributing_factor_vehicle_1_other,0.22845066034416492,0.22845066034416492
cat__contributing_factor_vehicle_2_pavement defective,0.22829036190492497,0.22829036190492497
num__driver_male_count,-0.2280021125829216,0.2280021125829216
cat__vehicle_type_code_2_carry all,-0.22580912944349835,0.22580912944349835
cat__zip_code_10167,-0.2255082788056899,0.2255082788056899
cat__contributing_factor_vehicle_4_driver inexperience,-0.2254425165424991,0.2254425165424991
cat__zip_code_10111,0.22526357451507287,0.22526357451507287
cat__zip_code_11412,0.22484461213851223,0.22484461213851223
cat__zip_code_11414,0.2247146647211787,0.2247146647211787
cat__contributing_factor_vehicle_1_aggressive driving/road rage,-0.22420427205662974,0.22420427205662974
cat__zip_code_10011,-0.22237383268542768,0.22237383268542768
cat__zip_code_10022,0.22134775326064016,0.22134775326064016
cat__zip_code_10176,0.22048188720305914,0.22048188720305914
cat__vehicle_type_code_5_uhaul trai,-0.21815324737125677,0.21815324737125677
cat__zip_code_11249,-0.21725967387672881,0.21725967387672881
cat__contributing_factor_vehicle_2_unspecified,-0.21562262187740344,0.21562262187740344
cat__zip_code_10033,0.2154842291216312,0.2154842291216312
cat__zip_code_11691,-0.2136218945354732,0.2136218945354732
cat__zip_code_group_11691,-0.21362189453547314,0.21362189453547314
cat__vehicle_type_code_3_unknown,-0.2109757152057871,0.2109757152057871
cat__vehicle_type_code_2_sedan,0.2101107842354411,0.2101107842354411
cat__contributing_factor_vehicle_4_driverless/runaway vehicle,0.20938017999780864,0.20938017999780864
cat__contributing_factor_vehicle_5_driverless/runaway vehicle,0.20938017999780864,0.20938017999780864
cat__zip_code_11354,-0.2089334744801967,0.2089334744801967
cat__zip_code_10105,0.20876574044252838,0.20876574044252838
cat__contributing_factor_vehicle_1_driver inexperience,-0.20843773587147793,0.20843773587147793
cat__zip_code_10003,0.20739226900867314,0.20739226900867314
cat__contributing_factor_vehicle_3_driver inattention/distraction,0.20720570064528746,0.20720570064528746
cat__zip_code_11232,0.20489322918193942,0.20489322918193942
cat__zip_code_10464,0.20462432820898396,0.20462432820898396
cat__zip_code_11370,0.2043121410294363,0.2043121410294363
cat__contributing_factor_vehicle_1_pedestrian/bicyclist/other pedestrian error/confusion,-0.2023194101600362,0.2023194101600362
cat__contributing_factor_vehicle_2_traffic control disregarded,0.20173157200659975,0.20173157200659975
cat__contributing_factor_vehicle_4_passing or lane usage improper,-0.20104297769339002,0.20104297769339002
cat__zip_code_11378,0.20080107227519295,0.20080107227519295
cat__contributing_factor_vehicle_2_passing too closely,-0.1999827427622711,0.1999827427622711
cat__zip_code_10310,0.19914627694152268,0.19914627694152268
cat__zip_code_11222,-0.19908936885186734,0.19908936885186734
cat__zip_code_group_11222,-0.19908936885186734,0.19908936885186734
cat__zip_code_11236,0.19895131830089266,0.19895131830089266
cat__zip_code_group_11236,0.19895131830089266,0.19895131830089266
cat__contributing_factor_vehicle_3_traffic control disregarded,0.19597728635923145,0.19597728635923145
cat__zip_code_11210,0.19321263348114756,0.19321263348114756
cat__zip_code_group_11210,0.19321263348114756,0.19321263348114756
cat__zip_code_11251,0.19207392756997768,0.19207392756997768
cat__contributing_factor_vehicle_4_following too closely,-0.19200373042047666,0.19200373042047666
cat__contributing_factor_vehicle_2_unsafe lane changing,-0.18788874196461813,0.18788874196461813
cat__contributing_factor_vehicle_3_eating or drinking,-0.18731152866996184,0.18731152866996184
num__driver_female_count,-0.1869428003491847,0.1869428003491847
num__vehicle_occupants_valid_count,0.18601411837840892,0.18601411837840892
cat__vehicle_type_code_1_sedan,0.18583756860768472,0.18583756860768472
cat__borough_unknown,-0.1856258984489231,0.1856258984489231
cat__zip_code_11369,0.18513973758650007,0.18513973758650007
cat__zip_code_10010,0.18507604652142895,0.18507604652142895
cat__contributing_factor_vehicle_2_turning improperly,-0.1848087162394364,0.1848087162394364
cat__vehicle_type_code_4_ambulance,0.18441751082426208,0.18441751082426208
cat__contributing_factor_vehicle_2_pedestrian/bicyclist/other pedestrian error/confusion,0.18388307594933556,0.18388307594933556
cat__vehicle_type_code_4_e-scooter,-0.18316410198534946,0.18316410198534946
cat__contributing_factor_vehicle_2_following too closely,-0.1827725170137775,0.1827725170137775
cat__vehicle_type_code_2_station wagon/sport utility vehicle,0.18243187418861664,0.18243187418861664
cat__zip_code_11356,-0.18192367202111911,0.18192367202111911
cat__vehicle_type_code_5_station wagon/sport utility vehicle,-0.18173618148419662,0.18173618148419662
cat__zip_code_11230,0.1814962639655939,0.1814962639655939
cat__zip_code_group_11230,0.1814962639655939,0.1814962639655939
cat__vehicle_type_code_5_ford super,0.17906359780278794,0.17906359780278794
cat__vehicle_type_code_3_limo,0.17512848206448833,0.17512848206448833
cat__zip_code_11104,-0.17439047011844142,0.17439047011844142
cat__zip_code_11203,0.17353130100566524,0.17353130100566524
cat__zip_code_group_11203,0.17353130100566524,0.17353130100566524
cat__zip_code_10031,0.17162300223095,0.17162300223095
cat__borough_staten island,0.17146821731112896,0.17146821731112896
cat__zip_code_10307,-0.17104682767593862,0.17104682767593862
cat__zip_code_11239,0.17005584325117923,0.17005584325117923
cat__zip_code_11694,-0.16940490709790557,0.16940490709790557
cat__contributing_factor_vehicle_1_other vehicular,-0.16900120157953336,0.16900120157953336
cat__vehicle_type_code_3_box truck,-0.1670561360678541,0.1670561360678541
cat__zip_code_11368,-0.16703173667976765,0.16703173667976765
cat__zip_code_group_11368,-0.16703173667976765,0.16703173667976765
cat__zip_code_11225,0.16604135143480558,0.16604135143480558
cat__vehicle_type_code_5_ambulance,-0.16600407046293272,0.16600407046293272
cat__contributing_factor_vehicle_1_steering failure,-0.16554691224453455,0.16554691224453455
cat__contributing_factor_vehicle_1_alcohol involvement,-0.1647042928306301,0.1647042928306301
cat__zip_code_group_11215,-0.16159317905795578,0.16159317905795578
cat__zip_code_11215,-0.16159317905795578,0.16159317905795578
cat__contributing_factor_vehicle_3_unknown,0.16082306509183236,0.16082306509183236
cat__zip_code_10473,-0.1600375069738436,0.1600375069738436
cat__zip_code_10306,-0.15862059179965507,0.15862059179965507
cat__zip_code_11367,0.15780825521318348,0.15780825521318348
cat__vehicle_type_code_1_pick-up truck,-0.15742484573256832,0.15742484573256832
cat__zip_code_11205,-0.1568952530705788,0.1568952530705788
cat__vehicle_type_code_5_motorcycle,-0.15689293439945756,0.15689293439945756
cat__zip_code_11418,0.15637448171236287,0.15637448171236287
cat__vehicle_type_code_5_snow plow,-0.15563578204631395,0.15563578204631395
cat__vehicle_type_code_1_ambulance,-0.154537737418907,0.154537737418907
cat__zip_code_group_11211,-0.15421979955161405,0.15421979955161405
cat__zip_code_11211,-0.15421979955161405,0.15421979955161405
cat__zip_code_10472,-0.15009867924899026,0.15009867924899026
cat__zip_code_group_10472,-0.15009867924899026,0.15009867924899026
cat__zip_code_11238,0.1493872600514201,0.1493872600514201
cat__vehicle_type_code_5_tractor truck diesel,-0.1472814662795947,0.1472814662795947
cat__zip_code_10469,0.14583831512743578,0.14583831512743578
cat__zip_code_group_10469,0.14583831512743578,0.14583831512743578
cat__zip_code_10007,-0.14567535969792916,0.14567535969792916
num__person_age_valid_count,0.14459064283436054,0.14459064283436054
cat__vehicle_type_code_2_other,0.14166497907284545,0.14166497907284545
cat__contributing_factor_vehicle_2_traffic control device improper/non-working,-0.1402039365244222,0.1402039365244222
cat__zip_code_11417,0.1396017973427451,0.1396017973427451
cat__vehicle_type_code_2_tractor truck diesel,0.13949433268546688,0.13949433268546688
num__person_male_count,0.13912706225182683,0.13912706225182683
cat__contributing_factor_vehicle_2_passing or lane usage improper,-0.13714767685490287,0.13714767685490287
cat__vehicle_type_code_5_taxi,-0.13683873122380363,0.13683873122380363
cat__zip_code_11004,0.13594100955962823,0.13594100955962823
cat__vehicle_type_code_5_unknown,-0.134830850419009,0.134830850419009
num__ped_role_passenger_count,0.1345463382416023,0.1345463382416023
cat__zip_code_11217,-0.1345126028566444,0.1345126028566444
cat__zip_code_group_11217,-0.1345126028566444,0.1345126028566444
cat__season_winter,-0.13416928810453826,0.13416928810453826
cat__zip_code_10018,-0.13368556625270014,0.13368556625270014
cat__zip_code_10107,0.13355426550854116,0.13355426550854116
cat__zip_code_11237,-0.1325538975047702,0.1325538975047702
cat__contributing_factor_vehicle_3_fell asleep,-0.1322547501469062,0.1322547501469062
cat__zip_code_10152,0.13152812927542804,0.13152812927542804
cat__contributing_factor_vehicle_2_passenger distraction,0.13150459266104494,0.13150459266104494
cat__contributing_factor_vehicle_2_glare,-0.13104750363303364,0.13104750363303364
cat__zip_code_group_10035,0.13095743834411916,0.13095743834411916
cat__zip_code_10035,0.13095743834411916,0.13095743834411916
cat__zip_code_10453,0.12932362863906902,0.12932362863906902
cat__vehicle_type_code_5_concrete mixer,0.1288775773452434,0.1288775773452434
cat__contributing_factor_vehicle_2_pavement slippery,-0.1285534870500552,0.1285534870500552
cat__zip_code_10168,-0.12836215488842448,0.12836215488842448
num__vehicle_year_mean,-0.12797283763912398,0.12797283763912398
cat__contributing_factor_vehicle_2_reaction to uninvolved vehicle,-0.1259323037746789,0.1259323037746789
cat__contributing_factor_vehicle_2_outside car distraction,-0.1252681510942719,0.1252681510942719
cat__vehicle_type_code_2_subn,-0.12511501867131827,0.12511501867131827
cat__zip_code_11433,0.12470767943785234,0.12470767943785234
cat__zip_code_10475,0.12451319791066592,0.12451319791066592
cat__season_fall,-0.12357360807038781,0.12357360807038781
cat__vehicle_type_code_3_sedan,-0.12323824498347895,0.12323824498347895
cat__zip_code_group_11206,-0.12318388978592229,0.12318388978592229
cat__zip_code_11206,-0.12318388978592229,0.12318388978592229
cat__contributing_factor_vehicle_2_backing unsafely,-0.12290347386596864,0.12290347386596864
cat__vehicle_type_code_5_sedan,-0.12274779472509173,0.12274779472509173
cat__zip_code_10122,-0.12262194532563878,0.12262194532563878
cat__contributing_factor_vehicle_1_brakes defective,0.1220898800921571,0.1220898800921571
cat__vehicle_type_code_4_limo,-0.12147685253402915,0.12147685253402915
cat__vehicle_type_code_4_box truck,0.1211321312030985,0.1211321312030985
cat__contributing_factor_vehicle_1_reaction to uninvolved vehicle,-0.12094587506905048,0.12094587506905048
num__safety_belt_count,-0.12040702806064822,0.12040702806064822
num__person_pedestrian_share,0.11771336327760991,0.11771336327760991
cat__zip_code_10002,0.11729079185748734,0.11729079185748734
cat__zip_code_group_10002,0.11729079185748734,0.11729079185748734
cat__contributing_factor_vehicle_2_unknown,0.11727620623589528,0.11727620623589528
cat__zip_code_10158,-0.11615156857202079,0.11615156857202079
cat__zip_code_11360,0.11574348505718265,0.11574348505718265
cat__zip_code_group_10456,-0.11567339167360352,0.11567339167360352
cat__zip_code_10456,-0.11567339167360352,0.11567339167360352
cat__contributing_factor_vehicle_2_view obstructed/limited,0.11506753280680515,0.11506753280680515
cat__zip_code_11040,0.1148285701612777,0.1148285701612777
cat__vehicle_type_code_3_taxi,-0.114763123864857,0.114763123864857
cat__vehicle_type_code_2_pk,-0.11465380444253587,0.11465380444253587
cat__contributing_factor_vehicle_2_aggressive driving/road rage,-0.1139436615985639,0.1139436615985639
num__has_emergency_vehicle,-0.11323865137823393,0.11323865137823393
cat__zip_code_group_11420,0.11265440780084768,0.11265440780084768
cat__zip_code_11420,0.11265440780084768,0.11265440780084768
cat__vehicle_type_code_5_other,-0.11232529863709349,0.11232529863709349
cat__contributing_factor_vehicle_2_driverless/runaway vehicle,0.11213425882985145,0.11213425882985145
cat__zip_code_11105,-0.11124297051672793,0.11124297051672793
cat__contributing_factor_vehicle_1_driver inattention/distraction,-0.1109380886142622,0.1109380886142622
cat__zip_code_11207,0.10960962515027325,0.10960962515027325
cat__zip_code_10308,-0.1082726481917405,0.1082726481917405
cat__zip_code_10020,0.1072756619026422,0.1072756619026422
cat__zip_code_11693,0.10623744496872797,0.10623744496872797
cat__zip_code_10470,0.10566115176241168,0.10566115176241168
cat__zip_code_10474,-0.10564347023953365,0.10564347023953365
cat__zip_code_group_10459,-0.1055653232203361,0.1055653232203361
cat__zip_code_10459,-0.1055653232203361,0.1055653232203361
cat__zip_code_11372,-0.10396070290991599,0.10396070290991599
cat__zip_code_group_11372,-0.10396070290991599,0.10396070290991599
num__has_backing_precrash,-0.10394185495304001,0.10394185495304001
cat__contributing_factor_vehicle_1_driverless/runaway vehicle,0.1031948424001751,0.1031948424001751
cat__season_spring,-0.10266082743448225,0.10266082743448225
cat__zip_code_10458,-0.10042039350650109,0.10042039350650109
cat__zip_code_group_10458,-0.10042039350650109,0.10042039350650109
cat__zip_code_group_10019,0.09889265894421437,0.09889265894421437
cat__zip_code_10019,0.09889265894421437,0.09889265894421437
cat__zip_code_10301,0.09874748474707803,0.09874748474707803
cat__contributing_factor_vehicle_5_passing too closely,-0.09854012939985486,0.09854012939985486
cat__vehicle_type_code_1_station wagon/sport utility vehicle,0.09722793992402791,0.09722793992402791
cat__zip_code_group_other,-0.09556648533732988,0.09556648533732988
cat__zip_code_10103,0.09527576702008547,0.09527576702008547
cat__vehicle_type_code_2_chassis cab,0.09465142345963677,0.09465142345963677
cat__zip_code_group_11207,0.09456719581205451,0.09456719581205451
cat__zip_code_10304,-0.09424094241754609,0.09424094241754609
cat__zip_code_11428,0.09404065056810292,0.09404065056810292
cat__zip_code_10280,0.09392040127722961,0.09392040127722961
cat__zip_code_group_11223,0.09322698021047843,0.09322698021047843
cat__zip_code_11223,0.09322698021047843,0.09322698021047843
cat__zip_code_10038,-0.09269403227321855,0.09269403227321855
cat__contributing_factor_vehicle_4_alcohol involvement,-0.09254900650154177,0.09254900650154177
cat__zip_code_10467,-0.09226244514853252,0.09226244514853252
cat__zip_code_group_10467,-0.09226244514853252,0.09226244514853252
cat__zip_code_10012,0.09127967863692461,0.09127967863692461
cat__vehicle_type_code_4_van,0.09045504636673095,0.09045504636673095
num__vehicle_occupants_max,0.08992580691125968,0.08992580691125968
cat__vehicle_type_code_3_other,0.08981539093930721,0.08981539093930721
cat__zip_code_10001,-0.08858140933837767,0.08858140933837767
cat__zip_code_group_10001,-0.08858140933837767,0.08858140933837767
cat__vehicle_type_code_2_ambulance,0.08856532582715862,0.08856532582715862
num__vehicle_records_count,-0.08788942841459287,0.08788942841459287
cat__zip_code_11208,0.08769755338377509,0.08769755338377509
cat__zip_code_group_11208,0.08769755338377509,0.08769755338377509
cat__vehicle_type_code_3_motorscooter,-0.0870328371923498,0.0870328371923498
cat__vehicle_type_code_2_tow truck / wrecker,-0.0865694481976434,0.0865694481976434
cat__vehicle_type_code_2_limo,0.0864068701187068,0.0864068701187068
cat__zip_code_11218,0.0857940313107283,0.0857940313107283
cat__zip_code_group_11218,0.0857940313107283,0.0857940313107283
cat__zip_code_group_10013,-0.08508175259864177,0.08508175259864177
cat__zip_code_10013,-0.08508175259864177,0.08508175259864177
cat__zip_code_11421,0.08320084122677834,0.08320084122677834
cat__vehicle_type_code_3_pick-up truck,-0.08280688396548443,0.08280688396548443
num__has_off_street,-0.08232389377785458,0.08232389377785458
cat__contributing_factor_vehicle_2_alcohol involvement,0.08221874849926587,0.08221874849926587
cat__vehicle_type_code_2_moped,-0.08086474780993161,0.08086474780993161
cat__vehicle_type_code_2_concrete mixer,0.07957339103883367,0.07957339103883367
cat__contributing_factor_vehicle_1_failure to keep right,-0.07925344940787744,0.07925344940787744
cat__zip_code_group_10457,-0.07795439394241267,0.07795439394241267
cat__zip_code_10457,-0.07795439394241267,0.07795439394241267
cat__zip_code_11357,-0.07781203393563003,0.07781203393563003
cat__vehicle_type_code_3_station wagon/sport utility vehicle,-0.07682742558813031,0.07682742558813031
cat__vehicle_type_code_1_flat bed,-0.07643663847043097,0.07643663847043097
cat__zip_code_group_10027,0.0753319072101325,0.0753319072101325
cat__zip_code_10027,0.0753319072101325,0.0753319072101325
cat__vehicle_type_code_2_motorcycle,-0.07443777613267574,0.07443777613267574
cat__borough_queens,0.0743825586703536,0.0743825586703536
cat__zip_code_10461,0.07358871964500525,0.07358871964500525
cat__vehicle_type_code_2_convertible,0.07199268380682926,0.07199268380682926
cat__zip_code_11224,-0.07197970032200615,0.07197970032200615
cat__vehicle_type_code_2_pick-up truck,0.07195987871954432,0.07195987871954432
cat__contributing_factor_vehicle_4_view obstructed/limited,0.07159643078391377,0.07159643078391377
cat__zip_code_10309,0.07157179925267192,0.07157179925267192
num__driver_male_share,-0.07089835255767417,0.07089835255767417
cat__zip_code_10154,-0.07079266770813637,0.07079266770813637
num__has_bus_vehicle,-0.06996471739638381,0.06996471739638381
cat__zip_code_11366,0.0697042844913493,0.0697042844913493
cat__zip_code_10016,0.06951968733798738,0.06951968733798738
cat__zip_code_group_10016,0.06951968733798738,0.06951968733798738
cat__zip_code_11427,-0.06933495856264922,0.06933495856264922
cat__vehicle_type_code_2_unknown,0.06771021338931119,0.06771021338931119
cat__zip_code_group_11101,-0.06723103017252245,0.06723103017252245
cat__zip_code_11101,-0.06723103017252245,0.06723103017252245
cat__vehicle_type_code_5_moped,0.06660957836422157,0.06660957836422157
cat__vehicle_type_code_1_concrete mixer,0.06577507917867689,0.06577507917867689
cat__zip_code_10069,0.06551961087684319,0.06551961087684319
cat__zip_code_11365,-0.06255090713159006,0.06255090713159006
cat__vehicle_type_code_4_pedicab,0.06241547643757637,0.06241547643757637
cat__vehicle_type_code_4_tow truck / wrecker,-0.06220109078581638,0.06220109078581638
cat__zip_code_group_11235,0.06113561673611062,0.06113561673611062
cat__zip_code_11235,0.06113561673611062,0.06113561673611062
cat__season_summer,-0.060570900326390925,0.060570900326390925
cat__zip_code_11209,0.05947026634194395,0.05947026634194395
cat__zip_code_10466,0.05938239573669761,0.05938239573669761
cat__zip_code_group_10466,0.05938239573669761,0.05938239573669761
cat__vehicle_type_code_2_unk,0.05930042562621011,0.05930042562621011
cat__contributing_factor_vehicle_4_passing too closely,-0.059273536210612675,0.059273536210612675
cat__zip_code_11415,-0.058972726533455304,0.058972726533455304
cat__zip_code_10314,0.05882830251526122,0.05882830251526122
cat__zip_code_10462,-0.058073092289565933,0.058073092289565933
cat__zip_code_group_10462,-0.058073092289565933,0.058073092289565933
cat__zip_code_11436,0.05786908039139183,0.05786908039139183
cat__vehicle_type_code_2_box truck,-0.057657717230584826,0.057657717230584826
cat__zip_code_11204,0.0575473142837071,0.0575473142837071
cat__zip_code_group_11204,0.0575473142837071,0.0575473142837071
cat__vehicle_type_code_4_tractor truck gasoline,-0.05742283615123073,0.05742283615123073
cat__zip_code_11106,0.056829839811540536,0.056829839811540536
cat__zip_code_11214,-0.05593428371102137,0.05593428371102137
cat__zip_code_group_11214,-0.05593428371102137,0.05593428371102137
cat__zip_code_group_10451,-0.055342900006485625,0.055342900006485625
cat__zip_code_10451,-0.055342900006485625,0.055342900006485625
cat__vehicle_type_code_3_pk,-0.054942453963061015,0.054942453963061015
cat__zip_code_group_10036,-0.0543255804135802,0.0543255804135802
cat__zip_code_10036,-0.0543255804135802,0.0543255804135802
cat__vehicle_type_code_1_van,-0.05408505263781497,0.05408505263781497
cat__zip_code_11379,0.05239943110694346,0.05239943110694346
cat__zip_code_10006,-0.051747276552012694,0.051747276552012694
num__has_cross_street,0.049114434589176595,0.049114434589176595
cat__vehicle_type_code_1_subn,-0.048165625898519304,0.048165625898519304
cat__vehicle_type_code_2_van,0.04784762923385971,0.04784762923385971
num__crash_month,0.04744052054494798,0.04744052054494798
cat__zip_code_10460,-0.046789143103164205,0.046789143103164205
cat__zip_code_group_10460,-0.046789143103164205,0.046789143103164205
num__is_late_night,0.04673947084710408,0.04673947084710408
cat__zip_code_11212,0.04561211946964381,0.04561211946964381
cat__zip_code_group_11212,0.04561211946964381,0.04561211946964381
cat__vehicle_type_code_3_tractor truck diesel,-0.04560923496699312,0.04560923496699312
cat__zip_code_11358,-0.04511347345707968,0.04511347345707968
cat__zip_code_11103,-0.04474433059641186,0.04474433059641186
num__person_occupant_count,0.043657688952954146,0.043657688952954146
cat__vehicle_type_code_4_flat bed,0.04346295289310142,0.04346295289310142
cat__vehicle_type_code_5_e-bike,0.042840988213411285,0.042840988213411285
cat__zip_code_11385,-0.04223171787522824,0.04223171787522824
cat__zip_code_group_11385,-0.04223171787522824,0.04223171787522824
cat__zip_code_11219,0.04214594600494058,0.04214594600494058
cat__zip_code_group_11219,0.04214594600494058,0.04214594600494058
cat__borough_bronx,0.042071444951908184,0.042071444951908184
num__safety_none_unknown_count,-0.04182621935700637,0.04182621935700637
cat__contributing_factor_vehicle_4_unspecified,-0.04151728753240648,0.04151728753240648
cat__contributing_factor_vehicle_3_driver inexperience,0.04111728948954859,0.04111728948954859
cat__zip_code_11435,-0.040218894288417434,0.040218894288417434
cat__zip_code_group_11435,-0.04021889428841741,0.04021889428841741
cat__zip_code_10305,-0.039263963850996154,0.039263963850996154
num__crash_minute,0.03893759171329275,0.03893759171329275
cat__contributing_factor_vehicle_5_driver inattention/distraction,0.038108231566266394,0.038108231566266394
num__person_age_mean,0.03806869421002507,0.03806869421002507
cat__vehicle_type_code_2_motorscooter,0.03728340427382555,0.03728340427382555
cat__zip_code_10179,-0.03705760730100364,0.03705760730100364
num__has_merging_precrash,-0.036468657142824906,0.036468657142824906
cat__zip_code_group_11233,0.03524445823472904,0.03524445823472904
cat__zip_code_11233,0.03524445823472904,0.03524445823472904
num__person_unknown_sex_count,0.03490239459378474,0.03490239459378474
cat__contributing_factor_vehicle_4_unsafe lane changing,-0.03482905965478726,0.03482905965478726
cat__zip_code_11364,0.034422293165495624,0.034422293165495624
num__crash_hour,0.033350768547774474,0.033350768547774474
cat__contributing_factor_vehicle_3_alcohol involvement,-0.033159743287992684,0.033159743287992684
cat__zip_code_group_11213,0.03280626704020658,0.03280626704020658
cat__zip_code_11213,0.03280626704020658,0.03280626704020658
cat__contributing_factor_vehicle_3_pavement slippery,0.032107113571336776,0.032107113571336776
cat__contributing_factor_vehicle_5_other vehicular,0.03078229063327176,0.03078229063327176
cat__zip_code_10029,0.030550499332895345,0.030550499332895345
cat__zip_code_group_10029,0.030550499332895345,0.030550499332895345
num__driver_female_share,-0.03041395590542091,0.03041395590542091
cat__zip_code_11432,-0.029873372529885846,0.029873372529885846
cat__zip_code_group_11432,-0.029873372529885846,0.029873372529885846
cat__zip_code_11692,-0.02963789055775309,0.02963789055775309
num__is_rush_hour,-0.02932737840174081,0.02932737840174081
num__person_age_sum,-0.02924541501942867,0.02924541501942867
cat__vehicle_type_code_5_dump,0.02916515374075042,0.02916515374075042
cat__contributing_factor_vehicle_2_obstruction/debris,0.028924042097394496,0.028924042097394496
cat__zip_code_10048,-0.028526770368147575,0.028526770368147575
cat__zip_code_11362,-0.02808738922796939,0.02808738922796939
cat__zip_code_11355,-0.026979410327781544,0.026979410327781544
cat__vehicle_type_code_3_convertible,-0.02671614573196065,0.02671614573196065
cat__contributing_factor_vehicle_5_unspecified,-0.026499296280178497,0.026499296280178497
cat__vehicle_type_code_1_bus,-0.026323527409028942,0.026323527409028942
num__has_coordinates,0.026200317207329668,0.026200317207329668
num__has_sedan_vehicle,-0.025758359238160725,0.025758359238160725
cat__vehicle_type_code_2_bus,-0.025430819943295532,0.025430819943295532
cat__vehicle_type_code_4_bus,-0.02504082041524429,0.02504082041524429
cat__zip_code_11102,0.02480424628766236,0.02480424628766236
cat__zip_code_10454,0.024560927968916457,0.024560927968916457
cat__contributing_factor_vehicle_2_failure to yield right-of-way,-0.023198215096665,0.023198215096665
num__has_stopped_precrash,0.022762666850419565,0.022762666850419565
cat__contributing_factor_vehicle_1_failure to yield right-of-way,0.022581408772722387,0.022581408772722387
cat__contributing_factor_vehicle_1_pavement slippery,-0.02256923921681231,0.02256923921681231
cat__contributing_factor_vehicle_4_pavement defective,0.022521099869445952,0.022521099869445952
cat__vehicle_type_code_4_multi-wheeled vehicle,0.020885733232142534,0.020885733232142534
num__has_turning_precrash,0.020772111148190147,0.020772111148190147
cat__zip_code_group_11234,0.02055098333174295,0.02055098333174295
cat__zip_code_11234,0.02055098333174295,0.02055098333174295
cat__vehicle_type_code_1_other,0.020341699331153845,0.020341699331153845
cat__vehicle_type_code_3_4 dr sedan,0.020115810253455886,0.020115810253455886
cat__contributing_factor_vehicle_1_passenger distraction,-0.02009067411424082,0.02009067411424082
num__crash_dayofweek,-0.019573759544466603,0.019573759544466603
cat__contributing_factor_vehicle_3_unsafe speed,0.019156255007857517,0.019156255007857517
cat__zip_code_11228,0.017247841578526057,0.017247841578526057
cat__contributing_factor_vehicle_2_driver inexperience,-0.01710138086579919,0.01710138086579919
cat__vehicle_type_code_2_tanker,-0.016884956843775962,0.016884956843775962
cat__zip_code_group_11377,0.01643227528019734,0.01643227528019734
cat__zip_code_11377,0.01643227528019734,0.01643227528019734
cat__zip_code_11434,0.015385247471015946,0.015385247471015946
cat__zip_code_group_11434,0.015385247471015946,0.015385247471015946
cat__vehicle_type_code_4_unknown,0.015182256748067759,0.015182256748067759
cat__zip_code_group_unknown,0.015042429372879446,0.015042429372879446
cat__contributing_factor_vehicle_1_following too closely,0.014486509689581453,0.014486509689581453
cat__zip_code_11221,-0.013161663885700694,0.013161663885700694
cat__zip_code_group_11221,-0.013161663885700694,0.013161663885700694
cat__zip_code_11231,-0.013037549350446565,0.013037549350446565
cat__zip_code_10463,-0.012985570138213647,0.012985570138213647
cat__zip_code_11216,0.011603473580683766,0.011603473580683766
cat__vehicle_type_code_2_flat bed,-0.01133586637451841,0.01133586637451841
cat__zip_code_10162,-0.01132060144744436,0.01132060144744436
cat__contributing_factor_vehicle_2_other,0.010871827138588808,0.010871827138588808
cat__vehicle_type_code_1_convertible,0.008585640116436158,0.008585640116436158
num__has_suv_vehicle,-0.008532239594576562,0.008532239594576562
cat__zip_code_10171,-0.007852450464861462,0.007852450464861462
cat__zip_code_group_10455,-0.006366684855075464,0.006366684855075464
cat__zip_code_10455,-0.006366684855075464,0.006366684855075464
num__is_weekend,-0.006184491325148579,0.006184491325148579
cat__contributing_factor_vehicle_4_other vehicular,0.006051970846410662,0.006051970846410662
cat__zip_code_10312,0.005933305494326481,0.005933305494326481
cat__contributing_factor_vehicle_2_driver inattention/distraction,-0.005347547780233023,0.005347547780233023
cat__zip_code_group_10468,-0.00499103037640953,0.00499103037640953
cat__zip_code_10468,-0.00499103037640953,0.00499103037640953
num__person_senior_count,-0.0033863139975775693,0.0033863139975775693
cat__vehicle_type_code_2_dump,-0.003233930407435545,0.003233930407435545
cat__contributing_factor_vehicle_3_failure to yield right-of-way,0.0029000292943847355,0.0029000292943847355
cat__zip_code_group_11220,0.0028788268091663777,0.0028788268091663777
cat__zip_code_11220,0.0028788268091663777,0.0028788268091663777
num__has_truck_vehicle,0.0025094231417682614,0.0025094231417682614
num__person_senior_share,-0.0022848730330952485,0.0022848730330952485
cat__contributing_factor_vehicle_2_failure to keep right,0.0015515640895181373,0.0015515640895181373
cat__contributing_factor_vehicle_2_other vehicular,0.0007248163312583635,0.0007248163312583635
cat__borough_brooklyn,0.0006749336084819965,0.0006749336084819965
num__has_taxi_vehicle,-0.0006237254144221363,0.0006237254144221363
num__person_bicyclist_share,-0.00018339889179027767,0.00018339889179027767
cat__contributing_factor_vehicle_4_passenger distraction,1.019786917378964e-05,1.019786917378964e-05
